,0
PAY_1,0.3312603598260824
PAY_2,0.27131145580770377
PAY_3,0.244218200305317
PAY_4,0.22760953353199717
PAY_5,0.21325965718196865
PAY_6,0.1981090879343031
LIMIT_BAL,-0.15664098850292885
PAY_AMT1,-0.06724489960034147
PAY_AMT2,-0.06505082328826697
PAY_AMT4,-0.05361729921747323
PAY_AMT6,-0.051872786799772176
PAY_AMT3,-0.05183521283047541
PAY_AMT5,-0.04889539459151522
SEX,-0.045059950415517164
EDUCATION,0.026817228260249792
MARRIAGE,-0.02397601652829431
BILL_AMT1,-0.021232002084868418
BILL_AMT2,-0.01706054238791724
BILL_AMT3,-0.01681033497030682
ID,-0.016161872561846303
BILL_AMT4,-0.01235158379379467
BILL_AMT5,-0.007124837831927462
AGE,0.006324284549260211
BILL_AMT6,-0.00511808993768779
