feature,n_folds_selected,importance_mean,importance_std,importance_min,importance_max
PAY_LATE_2PLUS_COUNT,5,0.906238,0.014138,0.887247,0.926895
PAY_MAX,5,0.341495,0.015988,0.317256,0.361217
BILL_AMT3,1,0.272825,,0.272825,0.272825
LIMIT_BAL,5,0.231275,0.020770,0.212873,0.260390
BILL_AMT2,4,0.198654,0.076808,0.140577,0.302708
PAY_4,5,0.188404,0.013587,0.172585,0.208331
PAY_1,5,0.183483,0.014819,0.167336,0.202872
PAY_2,5,0.175694,0.016923,0.152116,0.191180
PAY_3,5,0.165916,0.013898,0.145654,0.181985
PAY_AMT2,5,0.162010,0.023783,0.133317,0.185182
PAY_AMT1,5,0.141779,0.041749,0.086458,0.197451
PAY_SLOPE,5,0.123715,0.006001,0.117380,0.132987
BILL_AMT6,5,0.115324,0.083662,0.014731,0.215880
PAY_MEAN,5,0.096617,0.005527,0.092705,0.104905
PAY_RATIO_2,5,0.090012,0.131637,0.021234,0.324884
MIN_PAY_FLAG_3,5,0.085464,0.020954,0.055387,0.106343
PAY_RATIO_3,5,0.078334,0.112603,0.008317,0.274557
BILL_AMT5,2,0.075961,0.098130,0.006573,0.145350
UTIL_MEAN,5,0.067502,0.041558,0.015761,0.112501
PAY_5,5,0.063499,0.013035,0.041368,0.074567
PAY_6,5,0.061493,0.022444,0.039868,0.091584
MARRIAGE,5,0.060403,0.010989,0.042852,0.070324
MIN_PAY_FLAG_2,5,0.058523,0.016391,0.033387,0.078560
PAY_AMT5,5,0.057211,0.036703,0.010685,0.108707
MIN_PAY_FLAG_1,5,0.055839,0.016511,0.039062,0.078609
PAY_RATIO_5,5,0.048082,0.013654,0.031664,0.061328
MIN_PAY_FLAG_6,5,0.048014,0.025347,0.013959,0.078511
PAY_AMT3,5,0.047909,0.024714,0.010598,0.076290
BILL_DELTA,5,0.045627,0.030814,0.014753,0.086109
UTIL_6,5,0.044885,0.036270,0.002613,0.094132
MIN_PAY_FLAG_4,5,0.040492,0.007759,0.028797,0.050206
BILL_AMT1,1,0.037313,,0.037313,0.037313
EDUCATION,5,0.036005,0.001685,0.033684,0.037851
PAY_AMT6,5,0.034469,0.027739,0.006997,0.075079
MIN_PAY_FLAG_5,5,0.030206,0.017720,0.015226,0.060848
PAY_RATIO_1,5,0.027111,0.016232,0.005563,0.044120
PAY_RATIO_MEAN,5,0.025604,0.020991,0.011975,0.061383
PAY_RATIO_4,5,0.019836,0.012844,0.007080,0.036126
PAY_AMT4,5,0.014758,0.005443,0.007809,0.022206
MIN_PAY_FLAG_COUNT,5,0.008308,0.006839,0.001362,0.018974
