feature,iv
PAY_1,0.9155273660979629
PAY_LATE_2PLUS_COUNT,0.8643763495197592
PAY_MAX,0.8199680236656942
PAY_MEAN,0.7566738217077119
PAY_2,0.5535128088788441
PAY_3,0.41815540042863036
PAY_SLOPE,0.3897758324396059
PAY_4,0.35907745406537483
PAY_5,0.3329174230059133
PAY_6,0.2865507025945168
BILL_DELTA,0.17567005313920792
LIMIT_BAL,0.17493510917648636
PAY_AMT1,0.1620574133846427
PAY_AMT2,0.14731224365873014
PAY_RATIO_1,0.14016964512630867
PAY_RATIO_2,0.13754488365451426
UTIL_MEAN,0.12331889938868357
UTIL_6,0.11789278353346408
PAY_RATIO_5,0.10877528069101326
PAY_RATIO_4,0.1023269687118236
PAY_AMT3,0.093058079136966
PAY_AMT6,0.08208807927306182
PAY_AMT4,0.07677410477179465
MIN_PAY_FLAG_COUNT,0.07323317567988818
PAY_AMT5,0.06785800240762341
MIN_PAY_FLAG_6,0.048555228574661685
MIN_PAY_FLAG_4,0.040216233297512984
EDUCATION,0.0380547922573551
MIN_PAY_FLAG_3,0.037332074315086596
MIN_PAY_FLAG_5,0.031123859872862786
MIN_PAY_FLAG_2,0.029945914570619066
AGE_BIN,0.02173948587040952
MIN_PAY_FLAG_1,0.021310263219393354
