feature,iv_mean,iv_std,iv_min,iv_max,iv_cv
PAY_1,0.916554,0.022945,0.884547,0.935414,0.025034
PAY_LATE_2PLUS_COUNT,0.864820,0.020543,0.841343,0.889695,0.023754
PAY_LATE_CONSECUTIVE,0.847971,0.019257,0.825139,0.869826,0.022709
PAY_MAX,0.820511,0.017795,0.804550,0.844871,0.021687
PAY_MEAN,0.756940,0.026392,0.731653,0.794326,0.034867
PAY_2,0.554112,0.017603,0.531030,0.572103,0.031768
PAY_3,0.419092,0.016912,0.404456,0.446135,0.040353
PAY_SLOPE,0.381339,0.010921,0.365581,0.394976,0.028639
PAY_4,0.359601,0.011029,0.347738,0.372856,0.030671
PAY_5,0.333436,0.007054,0.326795,0.345014,0.021155
PAY_6,0.287379,0.014063,0.272085,0.309167,0.048936
LIMIT_BAL,0.175207,0.003689,0.171271,0.179702,0.021053
BILL_DELTA,0.175136,0.006360,0.164774,0.181501,0.036314
PAY_AMT1,0.162231,0.010415,0.143913,0.169449,0.064199
PAY_AMT2,0.147074,0.009789,0.140030,0.164122,0.066556
BILL_STD,0.144912,0.006927,0.135886,0.152882,0.047801
PAY_RATIO_MEAN,0.140897,0.008975,0.130228,0.152037,0.063702
PAY_RATIO_1,0.139357,0.005767,0.133999,0.148890,0.041382
PAY_RATIO_2,0.139255,0.003486,0.134779,0.144395,0.025034
UTIL_MEAN,0.123719,0.008639,0.112925,0.135880,0.069824
PAY_RATIO_3,0.118680,0.004831,0.113864,0.125251,0.040705
UTIL_6,0.118271,0.009023,0.105230,0.125437,0.076292
UTIL_5,0.113449,0.008255,0.102705,0.121558,0.072765
UTIL_4,0.112494,0.007407,0.102468,0.120450,0.065846
PAY_RATIO_5,0.109346,0.007275,0.103783,0.121389,0.066534
PAY_RATIO_4,0.102969,0.002567,0.100191,0.106421,0.024927
PAY_AMT3,0.099173,0.012273,0.089989,0.120464,0.123756
UTIL_3,0.088977,0.004955,0.084682,0.096176,0.055687
UTIL_2,0.083531,0.003989,0.078106,0.087609,0.047753
PAY_AMT6,0.082747,0.006688,0.075340,0.092240,0.080830
PAY_AMT4,0.077240,0.006638,0.069553,0.085726,0.085943
MIN_PAY_FLAG_COUNT,0.073587,0.004221,0.068843,0.079306,0.057355
UTIL_1,0.069155,0.006267,0.062396,0.078005,0.090618
PAY_AMT5,0.068075,0.004346,0.063602,0.074883,0.063844
MIN_PAY_FLAG_6,0.048583,0.002947,0.045557,0.052624,0.060655
MIN_PAY_FLAG_4,0.040225,0.001843,0.038170,0.041705,0.045822
EDUCATION,0.038071,0.002502,0.035154,0.041307,0.065728
MIN_PAY_FLAG_3,0.037354,0.002232,0.034943,0.039403,0.059764
MIN_PAY_FLAG_5,0.031210,0.003731,0.026429,0.035906,0.119560
MIN_PAY_FLAG_2,0.029956,0.001473,0.028298,0.032098,0.049186
AGE_BIN,0.022374,0.003657,0.020126,0.028664,0.163437
MIN_PAY_FLAG_1,0.021330,0.001562,0.019162,0.023351,0.073253
BILL_AMT6,0.016855,0.002786,0.013469,0.019765,0.165281
BILL_AMT2,0.013721,0.001091,0.012928,0.015625,0.079544
BILL_AMT5,0.013181,0.002369,0.011113,0.015774,0.179723
BILL_AMT1,0.011848,0.001491,0.009954,0.013605,0.125802
BILL_AMT4,0.010529,0.002089,0.008331,0.013741,0.198428
BILL_AMT3,0.010465,0.001463,0.008547,0.012530,0.139810
MARRIAGE,0.003106,0.000935,0.002117,0.004108,0.300946
