Mô hình,Nhóm,ROC-AUC (mean ± std),Gini,KS,PR-AUC,Brier Score,Recall@0.5,Precision@0.5,F1-Score,Thời gian,Ghi chú
Logistic Regression (baseline),Baseline,0.7745 ± 0.0116,0.5490,0.4282,0.5362,0.1354,0.3235,0.6728,0.4369,~2.5s,Baseline chuẩn Tuần 1
Decision Tree (max_depth=5),Baseline,0.7672 ± 0.0120,0.5345,0.4162,0.5284,0.1367,0.3541,0.6385,0.4555,~1.8s,Baseline cây quyết định
Logistic Scorecard (WoE),Scorecard,0.7790 ± 0.0083,0.5580,0.4326,0.5432,0.1351,0.3340,0.6750,0.4470,~4.2s,Scorecard chuẩn mực (coarse classing + ràng buộc dấu)
Random Forest (default),Tree Ensembles,0.7667 ± 0.0097,0.5333,0.4107,0.5301,0.1388,0.3644,0.6321,0.4624,~8.5s,Tree ensemble mặc định T2
XGBoost (default),Tree Ensembles,0.7597 ± 0.0073,0.5195,0.4007,0.5218,0.1440,0.3601,0.6120,0.4531,~5.2s,XGBoost mặc định T2
LightGBM (default),Gradient Boosting (T3),0.7813 ± 0.0064,0.5626,0.4276,0.5512,0.1350,0.3767,0.6677,0.4816,~3.5s,Boosting mặc định T3
CatBoost (default),Gradient Boosting (T3),0.7853 ± 0.0077,0.5706,0.4359,0.5584,0.1342,0.3784,0.6696,0.4836,~28.0s,"Boosting mặc định T3, AUC cao nhất mốc default"
LightGBM Balanced (class_weight),Imbalance Experiments,0.7809 ± 0.0081,0.5617,0.4278,0.5505,0.1682,0.6110,0.4758,0.5350,~3.8s,Recall cao nhưng Brier tăng mạnh
CatBoost Balanced (auto_class_weights),Imbalance Experiments,0.7806 ± 0.0081,0.5611,0.4341,0.5520,0.1659,0.6072,0.4872,0.5406,~30.0s,Recall cao nhưng Brier tăng mạnh
LightGBM + SMOTE (in-fold),Imbalance Experiments,0.7776 ± 0.0058,0.5551,0.4216,0.5440,0.1383,0.4309,0.6222,0.5092,~7.2s,Thí nghiệm phụ SMOTE: AUC giảm
CatBoost + SMOTE (in-fold),Imbalance Experiments,0.7747 ± 0.0057,0.5493,0.4192,0.5410,0.1386,0.4156,0.6130,0.4953,~54.0s,Thí nghiệm phụ SMOTE: AUC giảm
LightGBM tuned (Optuna),Optuna Tuned (T4),0.7898 ± 0.0077,0.5796,0.4439,0.5650,0.1327,0.3774,0.6696,0.4828,~12.5s,"Tuned 37 trials, plateau stopping"
LightGBM tuned + Monotonic,Optuna Tuned (T4) - Candidate,0.7906 ± 0.0074,0.5813,0.4453,0.5624,0.1328,0.3774,0.6748,0.4839,~14.0s,"ỨNG VIÊN CHÍNH: Nhanh, bảo đảm chiều tác động, AUC đạt mục tiêu"
CatBoost tuned (Optuna),Optuna Tuned (T4) - Candidate,0.7911 ± 0.0073,0.5822,0.4452,0.5675,0.1327,0.3674,0.6754,0.4759,~66.0s,ỨNG VIÊN ĐỐI CHỨNG: AUC CV cao nhất toàn dự án (0.7911)
CatBoost tuned + Monotonic (đối chiếu),Optuna Tuned (T4),0.7910 ± 0.0077,0.5820,0.4434,0.5632,0.1328,0.3722,0.6675,0.4780,~318.0s,Thời gian train lâu ~5x so với CatBoost thường
LightGBM tuned + Monotonic (with SEX),Fairness Comparison (T5),0.7907 ± 0.0075,0.5814,0.4465,0.5634,0.1327,0.3769,0.6708,0.4828,~14.5s,SEX chỉ chiếm 0.17% feature importance; delta AUC +0.0001
CatBoost tuned (with SEX),Fairness Comparison (T5),0.7912 ± 0.0079,0.5824,0.4461,0.5681,0.1326,0.3692,0.6723,0.4767,~68.0s,SEX chỉ chiếm 0.54% feature importance; delta AUC +0.0001
